<?xml version="1.0" encoding="UTF-8"?>
<project-private xmlns="http://www.netbeans.org/ns/project-private/1">
    <editor-bookmarks xmlns="http://www.netbeans.org/ns/editor-bookmarks/2" lastBookmarkId="0"/>
    <open-files xmlns="http://www.netbeans.org/ns/projectui-open-files/2">
        <group>
            <file>file:/C:/Users/usr/Documents/NetBeansProjects/animalesp2/src/service/Inventariable.java</file>
            <file>file:/C:/Users/usr/Documents/NetBeansProjects/animalesp2/src/service/Zoologico.java</file>
            <file>file:/C:/Users/usr/Documents/NetBeansProjects/animalesp2/src/service/CSVSerializable.java</file>
            <file>file:/C:/Users/usr/Documents/NetBeansProjects/animalesp2/src/model/TipoAlimentacion.java</file>
            <file>file:/C:/Users/usr/Documents/NetBeansProjects/animalesp2/src/config/AppConstants.java</file>
            <file>file:/C:/Users/usr/Documents/NetBeansProjects/animalesp2/src/model/Animal.java</file>
            <file>file:/C:/Users/usr/Documents/NetBeansProjects/animalesp2/src/animalesp2/Test.java</file>
        </group>
    </open-files>
</project-private>
